loss,accuracy,lr
0.6942833125591278,0.4000000059604645,0.009999999776482582
0.6946894526481628,0.4000000059604645,0.009999999776482582
0.6942768573760987,0.30000001192092896,0.009999999776482582
0.6943432569503785,0.4000000059604645,0.009999999776482582
0.6952146232128144,0.20000000298023224,0.009999999776482582
0.6947698533535004,0.4000000059604645,0.009999999776482582
0.6948542118072509,0.4000000059604645,0.009999999776482582
0.6948087036609649,0.30000001192092896,0.009999999776482582
0.6943344116210938,0.30000001192092896,0.009999999776482582
0.69382164478302,0.5,0.009999999776482582
0.6948053240776062,0.4000000059604645,0.009999999776482582
0.6938346207141877,0.4000000059604645,0.009999999776482582
0.6953245580196381,0.4000000059604645,0.009999999776482582
0.6945540845394135,0.4000000059604645,0.009999999776482582
0.6938493311405182,0.4000000059604645,0.009999999776482582
0.6946604371070861,0.30000001192092896,0.009999999776482582
0.6938184022903442,0.5,0.009999999776482582
0.6943866372108459,0.4000000059604645,0.009999999776482582
0.6943471193313598,0.44999998807907104,0.009999999776482582
0.695292329788208,0.30000001192092896,0.009999999776482582
0.6942990362644196,0.30000001192092896,0.009999999776482582
0.6943164348602295,0.44999998807907104,0.009999999776482582
0.6944972753524781,0.5,0.009999999776482582
0.6947025954723358,0.4000000059604645,0.009999999776482582
0.6943891525268555,0.3499999940395355,0.009999999776482582
0.694700014591217,0.30000001192092896,0.009999999776482582
0.6951044917106628,0.4000000059604645,0.009999999776482582
0.6947323679924011,0.4000000059604645,0.009999999776482582
0.6939940452575684,0.44999998807907104,0.009999999776482582
0.6948929727077484,0.30000001192092896,0.009999999776482582
0.6942440330982208,0.4000000059604645,0.009999999776482582
0.6952386260032654,0.30000001192092896,0.009999999776482582
0.6947333157062531,0.44999998807907104,0.009999999776482582
0.6939312577247619,0.4000000059604645,0.009999999776482582
0.6938388228416443,0.30000001192092896,0.009999999776482582
0.6947955429553986,0.3499999940395355,0.009999999776482582
0.6939560174942017,0.30000001192092896,0.009999999776482582
0.6952099800109863,0.3499999940395355,0.009999999776482582
0.6943444073200226,0.44999998807907104,0.009999999776482582
0.6948445677757263,0.44999998807907104,0.009999999776482582
0.6950680315494537,0.25,0.009999999776482582
0.694456136226654,0.30000001192092896,0.009999999776482582
0.6947620928287506,0.30000001192092896,0.009999999776482582
0.6949776411056519,0.25,0.009999999776482582
0.6946711659431457,0.4000000059604645,0.009999999776482582
0.6947993159294128,0.30000001192092896,0.009999999776482582
0.6943954825401306,0.30000001192092896,0.009999999776482582
0.6948440134525299,0.25,0.009999999776482582
0.6947587430477142,0.3499999940395355,0.009999999776482582
0.6952540814876557,0.4000000059604645,0.009999999776482582
0.6948177993297577,0.4000000059604645,0.009999999776482582
0.694719809293747,0.4000000059604645,0.009999999776482582
0.6944406449794769,0.25,0.009999999776482582
0.6942331314086914,0.44999998807907104,0.009999999776482582
0.6947607100009918,0.3499999940395355,0.009999999776482582
0.6948549389839173,0.30000001192092896,0.009999999776482582
0.6944980919361115,0.3499999940395355,0.009999999776482582
0.6948515892028808,0.20000000298023224,0.009999999776482582
0.6945729911327362,0.5,0.009999999776482582
0.694696980714798,0.5,0.009999999776482582
0.6938982605934143,0.44999998807907104,0.004999999888241291
0.6942214488983154,0.4000000059604645,0.004999999888241291
0.6939287543296814,0.4000000059604645,0.004999999888241291
0.6934499442577362,0.5,0.004999999888241291
0.6939202904701233,0.5,0.004999999888241291
0.6940330743789673,0.20000000298023224,0.004999999888241291
0.6938355505466461,0.4000000059604645,0.004999999888241291
0.693993890285492,0.4000000059604645,0.004999999888241291
0.6939097166061401,0.30000001192092896,0.004999999888241291
0.6936894297599793,0.44999998807907104,0.004999999888241291
0.6940788090229034,0.25,0.004999999888241291
0.6939385950565338,0.30000001192092896,0.004999999888241291
0.6941615879535675,0.4000000059604645,0.004999999888241291
0.6937299072742462,0.25,0.004999999888241291
0.6940447509288787,0.20000000298023224,0.004999999888241291
0.6938878297805786,0.4000000059604645,0.004999999888241291
0.6939179301261902,0.30000001192092896,0.004999999888241291
0.6938410580158234,0.4000000059604645,0.004999999888241291
0.6937333047389984,0.44999998807907104,0.004999999888241291
0.6934151709079742,0.3499999940395355,0.004999999888241291
0.6939007699489593,0.30000001192092896,0.004999999888241291
0.6940415382385254,0.44999998807907104,0.004999999888241291
0.6940429925918579,0.30000001192092896,0.004999999888241291
0.6937199890613556,0.30000001192092896,0.004999999888241291
0.6942615747451782,0.30000001192092896,0.004999999888241291
0.6938709020614624,0.5,0.004999999888241291
0.6938412129878998,0.25,0.004999999888241291
0.693936038017273,0.44999998807907104,0.004999999888241291
0.6939837217330933,0.3499999940395355,0.004999999888241291
0.6937689006328582,0.3499999940395355,0.004999999888241291
0.6938319623470306,0.30000001192092896,0.004999999888241291
0.6938215017318725,0.20000000298023224,0.004999999888241291
0.6936202704906463,0.4000000059604645,0.004999999888241291
0.6938171565532685,0.25,0.004999999888241291
0.6937069952487945,0.3499999940395355,0.004999999888241291
0.6940811157226563,0.44999998807907104,0.004999999888241291
0.6940337419509888,0.4000000059604645,0.004999999888241291
0.6941478252410889,0.4000000059604645,0.004999999888241291
0.6936230540275574,0.3499999940395355,0.004999999888241291
0.6937780439853668,0.5,0.004999999888241291
0.6937214851379394,0.44999998807907104,0.004999999888241291
0.6938929378986358,0.30000001192092896,0.004999999888241291
0.6939105868339539,0.4000000059604645,0.004999999888241291
0.6938805460929871,0.3499999940395355,0.004999999888241291
0.6938315391540527,0.30000001192092896,0.004999999888241291
0.6940866768360138,0.30000001192092896,0.004999999888241291
0.6940363824367524,0.3499999940395355,0.004999999888241291
0.6939028084278107,0.30000001192092896,0.004999999888241291
0.6939105987548828,0.25,0.004999999888241291
0.6939541697502136,0.25,0.004999999888241291
0.693900978565216,0.20000000298023224,0.004999999888241291
0.6940193474292755,0.4000000059604645,0.004999999888241291
0.6937064886093139,0.44999998807907104,0.004999999888241291
0.693888807296753,0.3499999940395355,0.004999999888241291
0.6936516463756561,0.4000000059604645,0.0024999999441206455
0.6936524212360382,0.4000000059604645,0.0024999999441206455
0.693610405921936,0.25,0.0024999999441206455
0.6938143074512482,0.4000000059604645,0.0024999999441206455
0.6935542345046997,0.3499999940395355,0.0024999999441206455
0.6935725688934327,0.44999998807907104,0.0024999999441206455
0.6936794221401215,0.25,0.0024999999441206455
0.6935687482357025,0.4000000059604645,0.0024999999441206455
0.6935888409614563,0.44999998807907104,0.0024999999441206455
0.6937779247760772,0.15000000596046448,0.0024999999441206455
0.6936614215373993,0.3499999940395355,0.0024999999441206455
0.6934729874134063,0.3499999940395355,0.0024999999441206455
0.6936389565467834,0.30000001192092896,0.0024999999441206455
0.6936021029949189,0.30000001192092896,0.0024999999441206455
0.6935799837112426,0.20000000298023224,0.0024999999441206455
0.6934042572975159,0.3499999940395355,0.0024999999441206455
0.6935248434543609,0.4000000059604645,0.0024999999441206455
0.693793100118637,0.25,0.0024999999441206455
0.693383252620697,0.6000000238418579,0.0024999999441206455
0.6935894608497619,0.3499999940395355,0.0024999999441206455
0.6936609983444214,0.44999998807907104,0.0024999999441206455
0.6936890304088592,0.4000000059604645,0.0024999999441206455
0.6934039056301117,0.5,0.0024999999441206455
0.69362832903862,0.25,0.0024999999441206455
0.6935001194477082,0.3499999940395355,0.0024999999441206455
0.6937529265880584,0.5,0.0024999999441206455
0.6936612546443939,0.30000001192092896,0.0024999999441206455
0.6934866487979889,0.3499999940395355,0.0024999999441206455
0.6937231898307801,0.4000000059604645,0.0024999999441206455
0.6936796486377717,0.3499999940395355,0.0024999999441206455
0.6935295820236206,0.44999998807907104,0.0024999999441206455
0.6936483144760132,0.25,0.0024999999441206455
0.6934952557086944,0.44999998807907104,0.0024999999441206455
0.6933765411376953,0.25,0.0024999999441206455
0.6934859395027161,0.5,0.0024999999441206455
0.6934292554855347,0.44999998807907104,0.0024999999441206455
0.6934556066989899,0.44999998807907104,0.0024999999441206455
0.6936916172504425,0.3499999940395355,0.0024999999441206455
0.6936647236347199,0.3499999940395355,0.0024999999441206455
0.693475353717804,0.30000001192092896,0.0024999999441206455
0.693479347229004,0.3499999940395355,0.0024999999441206455
0.6936053276062012,0.4000000059604645,0.0024999999441206455
0.6937267661094666,0.25,0.0024999999441206455
0.6937039375305176,0.25,0.0024999999441206455
0.6933700144290924,0.44999998807907104,0.0024999999441206455
0.6936949193477631,0.30000001192092896,0.0024999999441206455
0.6937346637248993,0.3499999940395355,0.0024999999441206455
0.693794333934784,0.25,0.0024999999441206455
0.6935587048530578,0.44999998807907104,0.0024999999441206455
0.6935537993907929,0.4000000059604645,0.0024999999441206455
0.6935461699962616,0.20000000298023224,0.0012499999720603228
0.6934743881225586,0.30000001192092896,0.0012499999720603228
0.693530410528183,0.3499999940395355,0.0012499999720603228
0.6935202956199646,0.25,0.0012499999720603228
0.6935129165649414,0.3499999940395355,0.0012499999720603228
0.6934125125408173,0.3499999940395355,0.0012499999720603228
0.6935417771339416,0.25,0.0012499999720603228
0.6934323668479919,0.3499999940395355,0.0012499999720603228
0.6934901535511017,0.30000001192092896,0.0012499999720603228
0.6935535311698914,0.25,0.0012499999720603228
0.6932305574417115,0.4000000059604645,0.0012499999720603228
0.6933486342430115,0.3499999940395355,0.0012499999720603228
0.6934186220169067,0.3499999940395355,0.0012499999720603228
0.6934181571006774,0.3499999940395355,0.0012499999720603228
0.6934242725372315,0.3499999940395355,0.0012499999720603228
0.6933435320854187,0.5,0.0012499999720603228
0.6934243559837341,0.3499999940395355,0.0012499999720603228
0.6934059977531433,0.44999998807907104,0.0012499999720603228
0.6934711098670959,0.30000001192092896,0.0012499999720603228
0.6934973657131195,0.3499999940395355,0.0012499999720603228
0.6934881806373596,0.4000000059604645,0.0012499999720603228
0.6937058448791504,0.15000000596046448,0.0012499999720603228
0.6934681713581086,0.3499999940395355,0.0012499999720603228
0.6934111833572387,0.44999998807907104,0.0012499999720603228
0.6936469912528992,0.3499999940395355,0.0012499999720603228
0.6936834037303925,0.30000001192092896,0.0012499999720603228
0.6935819625854492,0.3499999940395355,0.0012499999720603228
0.6932449579238892,0.5,0.0012499999720603228
0.6933333992958068,0.5,0.0012499999720603228
0.6934525966644287,0.30000001192092896,0.0012499999720603228
0.6934286236763001,0.4000000059604645,0.0012499999720603228
0.6933790445327759,0.44999998807907104,0.0012499999720603228
0.6934550642967224,0.3499999940395355,0.0012499999720603228
0.6934719681739807,0.3499999940395355,0.0012499999720603228
0.6936311602592469,0.20000000298023224,0.0012499999720603228
0.6933916568756103,0.25,0.0012499999720603228
0.693534129858017,0.30000001192092896,0.0012499999720603228
0.6934721410274506,0.30000001192092896,0.0012499999720603228
0.6934772312641144,0.30000001192092896,0.0012499999720603228
0.6936068594455719,0.3499999940395355,0.0012499999720603228
0.6934923648834228,0.4000000059604645,0.0012499999720603228
0.6934000015258789,0.30000001192092896,0.0012499999720603228
0.6934143781661988,0.5,0.0012499999720603228
0.6935183465480804,0.44999998807907104,0.0012499999720603228
0.6935022294521331,0.4000000059604645,0.0012499999720603228
0.6935409784317017,0.30000001192092896,0.0012499999720603228
0.6934237539768219,0.3499999940395355,0.0012499999720603228
0.6933555006980896,0.3499999940395355,0.0012499999720603228
0.6934691727161407,0.30000001192092896,0.0012499999720603228
0.6934237241744995,0.44999998807907104,0.0012499999720603228
0.6936244904994965,0.25,0.0012499999720603228
0.693583357334137,0.3499999940395355,0.0012499999720603228
0.693246579170227,0.5,0.0012499999720603228
0.6933819055557251,0.5,0.0012499999720603228
0.6933224678039551,0.25,0.0012499999720603228
0.6935579180717468,0.5,0.0012499999720603228
0.6933199644088746,0.25,0.0012499999720603228
0.6934336662292481,0.4000000059604645,0.0012499999720603228
0.6935318291187287,0.30000001192092896,0.0012499999720603228
0.693441903591156,0.4000000059604645,0.0012499999720603228
0.6936208665370941,0.20000000298023224,0.0012499999720603228
0.6935052275657654,0.30000001192092896,0.0006249999860301614
0.6933228850364686,0.4000000059604645,0.0006249999860301614
0.6931721866130829,0.4000000059604645,0.0006249999860301614
0.693380719423294,0.44999998807907104,0.0006249999860301614
0.6932591378688813,0.5,0.0006249999860301614
0.6934218823909759,0.25,0.0006249999860301614
0.6933156967163085,0.3499999940395355,0.0006249999860301614
0.6934354603290558,0.4000000059604645,0.0006249999860301614
0.6933487892150879,0.3499999940395355,0.0006249999860301614
0.6934263050556183,0.3499999940395355,0.0006249999860301614
0.6932226598262787,0.44999998807907104,0.0006249999860301614
0.6932974040508271,0.25,0.0006249999860301614
0.6933568954467774,0.25,0.0006249999860301614
0.6932519793510437,0.4000000059604645,0.0006249999860301614
0.693343847990036,0.4000000059604645,0.0006249999860301614
0.6933595180511475,0.4000000059604645,0.0006249999860301614
0.6935950696468354,0.20000000298023224,0.0006249999860301614
0.693327534198761,0.4000000059604645,0.0006249999860301614
0.6932293236255646,0.4000000059604645,0.0006249999860301614
0.6934677541255951,0.3499999940395355,0.0006249999860301614
0.6932681024074554,0.550000011920929,0.0006249999860301614
0.6932977080345154,0.30000001192092896,0.0006249999860301614
0.693309885263443,0.30000001192092896,0.0006249999860301614
0.6931915640830993,0.6000000238418579,0.0006249999860301614
0.6935386180877685,0.20000000298023224,0.0006249999860301614
0.6933313727378845,0.3499999940395355,0.0006249999860301614
0.6934054851531982,0.4000000059604645,0.0006249999860301614
0.6932923913002014,0.3499999940395355,0.0006249999860301614
0.6934223949909211,0.3499999940395355,0.0006249999860301614
0.693393450975418,0.4000000059604645,0.0006249999860301614
0.6933553218841553,0.44999998807907104,0.0006249999860301614
0.6933868646621704,0.3499999940395355,0.0006249999860301614
0.6932461261749268,0.25,0.0006249999860301614
0.6933556377887726,0.30000001192092896,0.0006249999860301614
0.6931339740753174,0.44999998807907104,0.0006249999860301614
0.6933866202831268,0.25,0.0006249999860301614
0.6933706402778625,0.44999998807907104,0.0006249999860301614
0.6934930086135864,0.25,0.0006249999860301614
0.6932354688644409,0.4000000059604645,0.0006249999860301614
0.6933612644672393,0.4000000059604645,0.0006249999860301614
0.6935958981513977,0.20000000298023224,0.0006249999860301614
0.6934251546859741,0.25,0.0006249999860301614
0.6931912660598755,0.5,0.0006249999860301614
0.693243783712387,0.3499999940395355,0.0006249999860301614
0.6932691395282745,0.44999998807907104,0.0006249999860301614
0.6933552324771881,0.4000000059604645,0.0006249999860301614
0.6933317124843598,0.4000000059604645,0.0006249999860301614
0.693419086933136,0.5,0.0006249999860301614
0.6933378338813782,0.4000000059604645,0.0006249999860301614
0.6932604312896729,0.4000000059604645,0.0006249999860301614
0.6933934330940247,0.30000001192092896,0.0003124999930150807
0.6932803153991699,0.4000000059604645,0.0003124999930150807
0.6933171689510346,0.550000011920929,0.0003124999930150807
0.6933815896511077,0.30000001192092896,0.0003124999930150807
0.6933170139789582,0.4000000059604645,0.0003124999930150807
0.6933863878250122,0.44999998807907104,0.0003124999930150807
0.6932847738265991,0.30000001192092896,0.0003124999930150807
0.6932278752326966,0.4000000059604645,0.0003124999930150807
0.6933032810688019,0.3499999940395355,0.0003124999930150807
0.693283474445343,0.4000000059604645,0.0003124999930150807
0.693400400876999,0.4000000059604645,0.0003124999930150807
0.6932458996772766,0.4000000059604645,0.0003124999930150807
0.6933157801628113,0.3499999940395355,0.0003124999930150807
0.6934624075889587,0.4000000059604645,0.0003124999930150807
0.6933504700660705,0.3499999940395355,0.0003124999930150807
0.6932947337627411,0.4000000059604645,0.0003124999930150807
0.6932670414447785,0.5,0.0003124999930150807
0.6932533323764801,0.25,0.0003124999930150807
0.6932762145996094,0.5,0.0003124999930150807
0.6932655930519104,0.30000001192092896,0.0003124999930150807
0.6933115720748901,0.4000000059604645,0.0003124999930150807
0.6933392524719239,0.44999998807907104,0.0003124999930150807
0.6934423267841339,0.25,0.0003124999930150807
0.6932525157928466,0.4000000059604645,0.0003124999930150807
0.6933730244636536,0.15000000596046448,0.0003124999930150807
0.6935033082962037,0.20000000298023224,0.0003124999930150807
0.6932548224925995,0.3499999940395355,0.0003124999930150807
0.6933486104011536,0.4000000059604645,0.0003124999930150807
0.6933609068393707,0.25,0.0003124999930150807
0.6932303249835968,0.4000000059604645,0.0003124999930150807
0.6933837413787842,0.30000001192092896,0.0003124999930150807
0.6931252777576447,0.44999998807907104,0.0003124999930150807
0.693235594034195,0.44999998807907104,0.0003124999930150807
0.6931862831115723,0.44999998807907104,0.0003124999930150807
0.6934526205062866,0.3499999940395355,0.0003124999930150807
0.6933125019073486,0.3499999940395355,0.0003124999930150807
0.6932684063911438,0.5,0.0003124999930150807
0.6932992517948151,0.3499999940395355,0.0003124999930150807
0.6934211909770965,0.3499999940395355,0.0003124999930150807
0.6932687044143677,0.4000000059604645,0.0003124999930150807
0.6933826327323913,0.30000001192092896,0.0003124999930150807
0.6934556305408478,0.30000001192092896,0.0003124999930150807
0.6932559192180634,0.44999998807907104,0.0003124999930150807
0.6932708978652954,0.3499999940395355,0.0003124999930150807
0.6931319534778595,0.3499999940395355,0.0003124999930150807
0.6933090031147003,0.4000000059604645,0.0003124999930150807
0.693389219045639,0.3499999940395355,0.0003124999930150807
0.6931241035461426,0.44999998807907104,0.0003124999930150807
0.6933228373527527,0.3499999940395355,0.0003124999930150807
0.6932274997234344,0.44999998807907104,0.0003124999930150807
0.6934604406356811,0.3499999940395355,0.0003124999930150807
0.6931255638599396,0.5,0.0003124999930150807
0.6935222864151,0.30000001192092896,0.0003124999930150807
0.6934735655784607,0.3499999940395355,0.0003124999930150807
0.6933610320091248,0.4000000059604645,0.0003124999930150807
0.6933266460895539,0.3499999940395355,0.0003124999930150807
0.6931261658668518,0.4000000059604645,0.0003124999930150807
0.6933396100997925,0.30000001192092896,0.0003124999930150807
0.6933523714542389,0.4000000059604645,0.0003124999930150807
0.6931743025779724,0.550000011920929,0.0003124999930150807
0.6934057712554932,0.20000000298023224,0.0003124999930150807
0.6933977842330933,0.25,0.0003124999930150807
0.693472421169281,0.4000000059604645,0.0003124999930150807
0.6933018863201141,0.30000001192092896,0.0003124999930150807
0.6932584404945373,0.3499999940395355,0.0003124999930150807
0.6932157456874848,0.44999998807907104,0.0003124999930150807
0.6933642268180847,0.3499999940395355,0.0003124999930150807
0.6933034598827362,0.4000000059604645,0.0003124999930150807
0.6933520257472991,0.4000000059604645,0.0003124999930150807
0.6932499825954437,0.44999998807907104,0.0003124999930150807
0.6933190047740936,0.4000000059604645,0.0003124999930150807
0.6932352840900421,0.5,0.0003124999930150807
0.6932550430297851,0.4000000059604645,0.0003124999930150807
0.6932093262672424,0.44999998807907104,0.0003124999930150807
0.6932863652706146,0.30000001192092896,0.0003124999930150807
0.6931954979896545,0.5,0.0003124999930150807
0.6934022068977356,0.30000001192092896,0.0003124999930150807
0.6931016981601715,0.550000011920929,0.0003124999930150807
0.6933418333530426,0.3499999940395355,0.0003124999930150807
0.6933612823486328,0.30000001192092896,0.0003124999930150807
0.693369859457016,0.30000001192092896,0.0003124999930150807
0.6932702183723449,0.3499999940395355,0.0003124999930150807
0.6933888256549835,0.30000001192092896,0.00015624999650754035
0.6931216061115265,0.6000000238418579,0.00015624999650754035
0.6934211015701294,0.30000001192092896,0.00015624999650754035
0.693152779340744,0.5,0.00015624999650754035
0.6933329939842224,0.4000000059604645,0.00015624999650754035
0.6933597266674042,0.4000000059604645,0.00015624999650754035
0.6931071639060974,0.5,0.00015624999650754035
0.6934157371520996,0.30000001192092896,0.00015624999650754035
0.6933766722679138,0.3499999940395355,0.00015624999650754035
0.6932295799255371,0.5,0.00015624999650754035
0.6931238532066345,0.5,0.00015624999650754035
0.6932173311710358,0.4000000059604645,0.00015624999650754035
0.6932677626609802,0.4000000059604645,0.00015624999650754035
0.693405157327652,0.3499999940395355,0.00015624999650754035
0.6931740641593933,0.550000011920929,0.00015624999650754035
0.6933247029781342,0.4000000059604645,0.00015624999650754035
0.6933622658252716,0.30000001192092896,0.00015624999650754035
0.6931921005249023,0.5,0.00015624999650754035
0.6932928144931794,0.4000000059604645,0.00015624999650754035
0.6933101356029511,0.25,0.00015624999650754035
0.6933076977729797,0.4000000059604645,0.00015624999650754035
0.69335977435112,0.3499999940395355,0.00015624999650754035
0.693346107006073,0.25,0.00015624999650754035
0.6933544397354126,0.4000000059604645,0.00015624999650754035
0.6934615075588226,0.25,0.00015624999650754035
0.6933248102664947,0.30000001192092896,0.00015624999650754035
0.6931942164897918,0.4000000059604645,0.00015624999650754035
0.6934417903423309,0.25,0.00015624999650754035
0.6932755231857299,0.4000000059604645,0.00015624999650754035
0.6932536602020264,0.3499999940395355,0.00015624999650754035
0.693444037437439,0.30000001192092896,0.00015624999650754035
0.6932506561279297,0.44999998807907104,0.00015624999650754035
0.6934182703495025,0.30000001192092896,0.00015624999650754035
0.6933725118637085,0.30000001192092896,0.00015624999650754035
0.6932909488677979,0.30000001192092896,0.00015624999650754035
0.6933599412441254,0.4000000059604645,0.00015624999650754035
0.6932282149791718,0.44999998807907104,0.00015624999650754035
0.6934510171413422,0.30000001192092896,0.00015624999650754035
0.693092805147171,0.6000000238418579,0.00015624999650754035
0.6934053957462311,0.30000001192092896,0.00015624999650754035
0.6932694375514984,0.4000000059604645,0.00015624999650754035
0.6934862434864044,0.30000001192092896,0.00015624999650754035
0.6933385908603669,0.4000000059604645,0.00015624999650754035
0.6931325554847717,0.5,0.00015624999650754035
0.6932081699371337,0.4000000059604645,0.00015624999650754035
0.693203741312027,0.5,0.00015624999650754035
0.6932630240917206,0.5,0.00015624999650754035
0.6933168232440948,0.30000001192092896,0.00015624999650754035
0.6930894911289215,0.4000000059604645,0.00015624999650754035
0.6934473812580109,0.30000001192092896,0.00015624999650754035
0.6931357324123383,0.5,7.812499825377017e-05
0.6931710183620453,0.3499999940395355,7.812499825377017e-05
0.693298977613449,0.30000001192092896,7.812499825377017e-05
0.6933833360671997,0.30000001192092896,7.812499825377017e-05
0.6932439923286438,0.44999998807907104,7.812499825377017e-05
0.6932821869850159,0.4000000059604645,7.812499825377017e-05
0.6932025969028472,0.4000000059604645,7.812499825377017e-05
0.6934130012989044,0.30000001192092896,7.812499825377017e-05
0.6934550285339356,0.3499999940395355,7.812499825377017e-05
0.6934214353561401,0.30000001192092896,7.812499825377017e-05
0.6932670891284942,0.30000001192092896,7.812499825377017e-05
0.6932096660137177,0.44999998807907104,7.812499825377017e-05
0.6932524681091309,0.4000000059604645,7.812499825377017e-05
0.6933814525604248,0.3499999940395355,7.812499825377017e-05
0.6932470679283143,0.4000000059604645,7.812499825377017e-05
0.6934599280357361,0.30000001192092896,7.812499825377017e-05
0.6933047831058502,0.4000000059604645,7.812499825377017e-05
0.6932055473327636,0.550000011920929,7.812499825377017e-05
0.693230265378952,0.5,7.812499825377017e-05
0.6930750668048858,0.4000000059604645,7.812499825377017e-05
0.6933314561843872,0.4000000059604645,7.812499825377017e-05
0.69325470328331,0.5,7.812499825377017e-05
0.6934577822685242,0.4000000059604645,7.812499825377017e-05
0.6934303164482116,0.30000001192092896,7.812499825377017e-05
0.6933349907398224,0.30000001192092896,7.812499825377017e-05
0.6931605815887452,0.5,7.812499825377017e-05
0.6931923270225525,0.5,7.812499825377017e-05
0.6934286773204803,0.30000001192092896,7.812499825377017e-05
0.6930548667907714,0.5,7.812499825377017e-05
0.6932685256004334,0.30000001192092896,7.812499825377017e-05
0.6932361423969269,0.30000001192092896,7.812499825377017e-05
0.6933652639389039,0.4000000059604645,7.812499825377017e-05
0.6931975841522217,0.4000000059604645,7.812499825377017e-05
0.6931758165359497,0.44999998807907104,7.812499825377017e-05
0.6933466196060181,0.4000000059604645,7.812499825377017e-05
0.6933758437633515,0.4000000059604645,7.812499825377017e-05
0.6933038294315338,0.3499999940395355,7.812499825377017e-05
0.6933757305145264,0.4000000059604645,7.812499825377017e-05
0.6933648645877838,0.30000001192092896,7.812499825377017e-05
0.69333615899086,0.4000000059604645,7.812499825377017e-05
0.6933668851852417,0.30000001192092896,7.812499825377017e-05
0.6933882594108581,0.30000001192092896,7.812499825377017e-05
0.6934854745864868,0.20000000298023224,7.812499825377017e-05
0.6930442750453949,0.550000011920929,7.812499825377017e-05
0.6932870447635651,0.44999998807907104,7.812499825377017e-05
0.6931650698184967,0.5,7.812499825377017e-05
0.6932937264442444,0.5,7.812499825377017e-05
0.6933070302009583,0.30000001192092896,7.812499825377017e-05
0.6932156145572662,0.3499999940395355,7.812499825377017e-05
0.6933470726013183,0.25,7.812499825377017e-05
0.6932202517986298,0.4000000059604645,3.9062499126885086e-05
0.6934821426868438,0.20000000298023224,3.9062499126885086e-05
0.6931895554065705,0.5,3.9062499126885086e-05
0.6933033168315887,0.4000000059604645,3.9062499126885086e-05
0.6933213949203492,0.4000000059604645,3.9062499126885086e-05
0.6930529475212097,0.5,3.9062499126885086e-05
0.6931491613388061,0.4000000059604645,3.9062499126885086e-05
0.6933745443820953,0.4000000059604645,3.9062499126885086e-05
0.6932213008403778,0.5,3.9062499126885086e-05
0.6932431995868683,0.5,3.9062499126885086e-05
0.6934012174606323,0.30000001192092896,3.9062499126885086e-05
0.6932434737682343,0.4000000059604645,3.9062499126885086e-05
0.6932880342006683,0.5,3.9062499126885086e-05
0.693265026807785,0.5,3.9062499126885086e-05
0.6932210087776184,0.4000000059604645,3.9062499126885086e-05
0.6931737124919891,0.5,3.9062499126885086e-05
0.6933673858642578,0.30000001192092896,3.9062499126885086e-05
0.6931023538112641,0.5,3.9062499126885086e-05
0.6934023797512054,0.4000000059604645,3.9062499126885086e-05
0.6933176815509796,0.30000001192092896,3.9062499126885086e-05
0.6933705031871795,0.4000000059604645,3.9062499126885086e-05
0.6930851638317108,0.5,3.9062499126885086e-05
0.6932479083538056,0.5,3.9062499126885086e-05
0.6933324992656708,0.4000000059604645,3.9062499126885086e-05
0.693233174085617,0.30000001192092896,3.9062499126885086e-05
0.6931994318962097,0.4000000059604645,3.9062499126885086e-05
0.6931182742118835,0.5,3.9062499126885086e-05
0.6931537210941314,0.4000000059604645,3.9062499126885086e-05
0.6933888494968414,0.30000001192092896,3.9062499126885086e-05
0.6931560397148132,0.5,3.9062499126885086e-05
0.6932521820068359,0.44999998807907104,3.9062499126885086e-05
0.6931638956069947,0.6000000238418579,3.9062499126885086e-05
0.6930153131484985,0.5,3.9062499126885086e-05
0.6933653771877288,0.4000000059604645,3.9062499126885086e-05
0.6931144952774048,0.5,3.9062499126885086e-05
0.6934122979640961,0.25,3.9062499126885086e-05
0.6934225499629975,0.30000001192092896,3.9062499126885086e-05
0.6931207358837128,0.5,3.9062499126885086e-05
0.6934174537658692,0.20000000298023224,3.9062499126885086e-05
0.6933259487152099,0.4000000059604645,3.9062499126885086e-05
0.6931835651397705,0.4000000059604645,3.9062499126885086e-05
0.6933210015296936,0.30000001192092896,3.9062499126885086e-05
0.693278694152832,0.4000000059604645,3.9062499126885086e-05
0.6933686316013337,0.30000001192092896,3.9062499126885086e-05
0.6934118330478668,0.5,3.9062499126885086e-05
0.6934816837310791,0.20000000298023224,3.9062499126885086e-05
0.6933280825614929,0.4000000059604645,3.9062499126885086e-05
0.6932369232177734,0.4000000059604645,3.9062499126885086e-05
0.6933214724063873,0.20000000298023224,3.9062499126885086e-05
0.6933418989181519,0.44999998807907104,3.9062499126885086e-05
0.6934064328670502,0.4000000059604645,3.9062499126885086e-05
0.6933810412883759,0.25,3.9062499126885086e-05
0.6932166874408722,0.4000000059604645,3.9062499126885086e-05
0.6931521177291871,0.5,3.9062499126885086e-05
0.6932243287563324,0.3499999940395355,3.9062499126885086e-05
0.6931678473949432,0.5,3.9062499126885086e-05
0.693391227722168,0.25,3.9062499126885086e-05
0.6933235049247741,0.30000001192092896,3.9062499126885086e-05
0.6931849777698517,0.5,3.9062499126885086e-05
0.6932530164718628,0.4000000059604645,3.9062499126885086e-05
0.693194305896759,0.4000000059604645,3.9062499126885086e-05
0.6933793246746063,0.4000000059604645,3.9062499126885086e-05
0.6931857347488404,0.5,3.9062499126885086e-05
0.6933999598026276,0.20000000298023224,3.9062499126885086e-05
0.6933990478515625,0.4000000059604645,3.9062499126885086e-05
0.6932847440242768,0.5,3.9062499126885086e-05
0.6931836545467377,0.5,3.9062499126885086e-05
0.6932859241962432,0.5,3.9062499126885086e-05
0.693053376674652,0.5,3.9062499126885086e-05
0.6932610750198365,0.5,3.9062499126885086e-05
0.6932897448539734,0.4000000059604645,3.9062499126885086e-05
0.6933705449104309,0.5,3.9062499126885086e-05
0.693220579624176,0.5,3.9062499126885086e-05
0.6932000875473022,0.4000000059604645,3.9062499126885086e-05
0.6931958854198456,0.5,3.9062499126885086e-05
0.6931575179100037,0.5,3.9062499126885086e-05
0.6933151304721832,0.30000001192092896,3.9062499126885086e-05
0.6931272745132446,0.5,3.9062499126885086e-05
0.6933413326740265,0.30000001192092896,3.9062499126885086e-05
0.6933107674121857,0.30000001192092896,3.9062499126885086e-05
0.6932978212833405,0.4000000059604645,3.9062499126885086e-05
0.693182110786438,0.5,3.9062499126885086e-05
0.6934533238410949,0.20000000298023224,3.9062499126885086e-05
0.6932762622833252,0.30000001192092896,1.9531249563442543e-05
0.6933341979980469,0.5,1.9531249563442543e-05
0.6930714607238769,0.6000000238418579,1.9531249563442543e-05
0.6933027982711792,0.30000001192092896,1.9531249563442543e-05
0.6933214724063873,0.4000000059604645,1.9531249563442543e-05
0.6933422207832336,0.30000001192092896,1.9531249563442543e-05
0.6932155549526214,0.4000000059604645,1.9531249563442543e-05
0.6931570768356323,0.5,1.9531249563442543e-05
0.6932149469852448,0.4000000059604645,1.9531249563442543e-05
0.6933559060096741,0.4000000059604645,1.9531249563442543e-05
0.6931845247745514,0.5,1.9531249563442543e-05
0.6933785974979401,0.4000000059604645,1.9531249563442543e-05
0.6931942164897918,0.5,1.9531249563442543e-05
0.6932810604572296,0.4000000059604645,1.9531249563442543e-05
0.6931527078151702,0.4000000059604645,1.9531249563442543e-05
0.6934254586696624,0.30000001192092896,1.9531249563442543e-05
0.6932091891765595,0.4000000059604645,1.9531249563442543e-05
0.6932594537734985,0.30000001192092896,1.9531249563442543e-05
0.6933831632137298,0.20000000298023224,1.9531249563442543e-05
0.693394684791565,0.20000000298023224,1.9531249563442543e-05
0.6933990836143493,0.30000001192092896,1.9531249563442543e-05
0.6930962085723877,0.4000000059604645,1.9531249563442543e-05
0.6931927263736725,0.5,1.9531249563442543e-05
0.6934277653694153,0.4000000059604645,1.9531249563442543e-05
0.6931283652782441,0.44999998807907104,1.9531249563442543e-05
0.6933285593986511,0.4000000059604645,1.9531249563442543e-05
0.6930925607681274,0.6000000238418579,1.9531249563442543e-05
0.6931314051151276,0.5,1.9531249563442543e-05
0.6932472050189972,0.4000000059604645,1.9531249563442543e-05
0.6932164072990418,0.30000001192092896,1.9531249563442543e-05
0.693312793970108,0.4000000059604645,1.9531249563442543e-05
0.6934193968772888,0.30000001192092896,1.9531249563442543e-05
0.6933613717556,0.4000000059604645,1.9531249563442543e-05
0.693423616886139,0.30000001192092896,1.9531249563442543e-05
0.6933073997497559,0.4000000059604645,1.9531249563442543e-05
0.6931125581264496,0.4000000059604645,1.9531249563442543e-05
0.6933365285396575,0.5,1.9531249563442543e-05
0.6932149291038513,0.5,1.9531249563442543e-05
0.6931876957416534,0.5,1.9531249563442543e-05
0.6930965483188629,0.5,1.9531249563442543e-05
0.693406480550766,0.4000000059604645,1.9531249563442543e-05
0.6931564271450043,0.5,1.9531249563442543e-05
0.6932429552078248,0.5,1.9531249563442543e-05
0.6932394087314606,0.5,1.9531249563442543e-05
0.6932109832763672,0.4000000059604645,1.9531249563442543e-05
0.6933032810688019,0.4000000059604645,1.9531249563442543e-05
0.6933556079864502,0.30000001192092896,1.9531249563442543e-05
0.6932057797908783,0.5,1.9531249563442543e-05
0.6935823619365692,0.10000000149011612,1.9531249563442543e-05
0.6932723701000214,0.4000000059604645,1.9531249563442543e-05
0.6932838261127472,0.4000000059604645,9.999999747378752e-06
0.693264240026474,0.5,9.999999747378752e-06
0.6932173311710358,0.6000000238418579,9.999999747378752e-06
0.693174296617508,0.5,9.999999747378752e-06
0.693261182308197,0.30000001192092896,9.999999747378752e-06
0.6934468388557434,0.30000001192092896,9.999999747378752e-06
0.6930558502674102,0.5,9.999999747378752e-06
0.6932678759098053,0.4000000059604645,9.999999747378752e-06
0.6934459805488586,0.30000001192092896,9.999999747378752e-06
0.6933950781822205,0.30000001192092896,9.999999747378752e-06
0.6932588160037995,0.4000000059604645,9.999999747378752e-06
0.6931993126869201,0.4000000059604645,9.999999747378752e-06
0.6932377517223358,0.5,9.999999747378752e-06
0.6932406544685363,0.4000000059604645,9.999999747378752e-06
0.6934110760688782,0.30000001192092896,9.999999747378752e-06
0.6931943416595459,0.4000000059604645,9.999999747378752e-06
0.6933262825012207,0.4000000059604645,9.999999747378752e-06
0.693414282798767,0.4000000059604645,9.999999747378752e-06
0.6931496679782867,0.5,9.999999747378752e-06
0.6930392622947693,0.6000000238418579,9.999999747378752e-06
0.6931022644042969,0.5,9.999999747378752e-06
0.693293571472168,0.5,9.999999747378752e-06
0.6932275593280792,0.4000000059604645,9.999999747378752e-06
0.6931374609470368,0.4000000059604645,9.999999747378752e-06
0.6932024896144867,0.5,9.999999747378752e-06
0.6933604419231415,0.5,9.999999747378752e-06
0.6933442234992981,0.30000001192092896,9.999999747378752e-06
0.6931570112705231,0.5,9.999999747378752e-06
0.6931673586368561,0.4000000059604645,9.999999747378752e-06
0.6935065150260925,0.30000001192092896,9.999999747378752e-06
0.693232125043869,0.5,9.999999747378752e-06
0.6933554947376251,0.4000000059604645,9.999999747378752e-06
0.693366551399231,0.30000001192092896,9.999999747378752e-06
0.6931833982467651,0.5,9.999999747378752e-06
0.6933070242404937,0.4000000059604645,9.999999747378752e-06
0.6934555530548095,0.30000001192092896,9.999999747378752e-06
0.6933205723762512,0.30000001192092896,9.999999747378752e-06
0.6931585967540741,0.5,9.999999747378752e-06
0.693148285150528,0.5,9.999999747378752e-06
0.693326598405838,0.30000001192092896,9.999999747378752e-06
0.6934039771556855,0.30000001192092896,9.999999747378752e-06
0.6932634949684143,0.4000000059604645,9.999999747378752e-06
0.6932352483272552,0.5,9.999999747378752e-06
0.6934438228607178,0.30000001192092896,9.999999747378752e-06
0.6932514309883118,0.5,9.999999747378752e-06
0.6932117521762848,0.4000000059604645,9.999999747378752e-06
0.6931559205055237,0.4000000059604645,9.999999747378752e-06
0.6933344006538391,0.4000000059604645,9.999999747378752e-06
0.6932518184185028,0.30000001192092896,9.999999747378752e-06
0.6931556046009064,0.30000001192092896,9.999999747378752e-06
0.6934299468994141,0.30000001192092896,9.999999747378752e-06
0.6932857275009155,0.5,9.999999747378752e-06
0.6933205842971801,0.30000001192092896,9.999999747378752e-06
0.6933837950229644,0.4000000059604645,9.999999747378752e-06
0.6934082210063934,0.30000001192092896,9.999999747378752e-06
0.6931058049201966,0.5,9.999999747378752e-06
0.6932691812515259,0.4000000059604645,9.999999747378752e-06
0.693420022726059,0.30000001192092896,9.999999747378752e-06
0.6934950053691864,0.20000000298023224,9.999999747378752e-06
0.6933356821537018,0.20000000298023224,9.999999747378752e-06
0.6932206690311432,0.5,9.999999747378752e-06
0.6933475494384765,0.30000001192092896,9.999999747378752e-06
0.6933329999446869,0.30000001192092896,9.999999747378752e-06
0.6932544589042664,0.4000000059604645,9.999999747378752e-06
0.69323450922966,0.4000000059604645,9.999999747378752e-06
0.6932238519191742,0.4000000059604645,9.999999747378752e-06
0.6933169662952423,0.30000001192092896,9.999999747378752e-06
0.6931865692138672,0.4000000059604645,9.999999747378752e-06
0.693364018201828,0.30000001192092896,9.999999747378752e-06
0.6931428611278534,0.5,9.999999747378752e-06
0.6933508157730103,0.20000000298023224,9.999999747378752e-06
0.6931639194488526,0.5,9.999999747378752e-06
0.6932341158390045,0.4000000059604645,9.999999747378752e-06
0.693337881565094,0.30000001192092896,9.999999747378752e-06
0.6931935667991638,0.4000000059604645,9.999999747378752e-06
0.6932814002037049,0.4000000059604645,9.999999747378752e-06
0.6932161986827851,0.5,9.999999747378752e-06
0.693280029296875,0.4000000059604645,9.999999747378752e-06
0.6932972311973572,0.4000000059604645,9.999999747378752e-06
0.6932086288928986,0.4000000059604645,9.999999747378752e-06
0.6933529019355774,0.4000000059604645,9.999999747378752e-06
0.6932149469852448,0.4000000059604645,9.999999747378752e-06
0.6932759284973145,0.4000000059604645,9.999999747378752e-06
0.6932536482810974,0.4000000059604645,9.999999747378752e-06
0.6933390200138092,0.3499999940395355,9.999999747378752e-06
0.6932488083839417,0.4000000059604645,9.999999747378752e-06
0.6932788729667664,0.30000001192092896,9.999999747378752e-06
0.6934653282165527,0.30000001192092896,9.999999747378752e-06
0.6932031333446502,0.4000000059604645,9.999999747378752e-06
0.6933086335659027,0.4000000059604645,9.999999747378752e-06
0.6932247996330261,0.5,9.999999747378752e-06
0.6931902289390564,0.4000000059604645,9.999999747378752e-06
0.6932721555233001,0.4000000059604645,9.999999747378752e-06
0.6933187544345856,0.4000000059604645,9.999999747378752e-06
0.6932166516780853,0.5,9.999999747378752e-06
0.6932213008403778,0.4000000059604645,9.999999747378752e-06
0.6932686507701874,0.4000000059604645,9.999999747378752e-06
0.693283987045288,0.6000000238418579,9.999999747378752e-06
0.6932909071445466,0.30000001192092896,9.999999747378752e-06
0.6931437313556671,0.4000000059604645,9.999999747378752e-06
0.6932096064090729,0.4000000059604645,9.999999747378752e-06
0.6933760166168212,0.30000001192092896,9.999999747378752e-06
0.6932987987995147,0.4000000059604645,9.999999747378752e-06
0.6932385265827179,0.4000000059604645,9.999999747378752e-06
0.6931630432605743,0.5,9.999999747378752e-06
0.6934355974197388,0.30000001192092896,9.999999747378752e-06
0.6933482110500335,0.20000000298023224,9.999999747378752e-06
0.6931218206882477,0.5,9.999999747378752e-06
0.6933082282543183,0.4000000059604645,9.999999747378752e-06
0.6932291209697723,0.30000001192092896,9.999999747378752e-06
0.6932623982429504,0.30000001192092896,9.999999747378752e-06
0.693180525302887,0.4000000059604645,9.999999747378752e-06
0.6934444963932037,0.4000000059604645,9.999999747378752e-06
0.6931167602539062,0.5,9.999999747378752e-06
0.6933097422122956,0.4000000059604645,9.999999747378752e-06
0.6934150159358978,0.30000001192092896,9.999999747378752e-06
0.6934703826904297,0.20000000298023224,9.999999747378752e-06
0.6932359635829926,0.4000000059604645,9.999999747378752e-06
0.6931003570556641,0.5,9.999999747378752e-06
0.6932998955249786,0.30000001192092896,9.999999747378752e-06
0.693373042345047,0.30000001192092896,9.999999747378752e-06
0.6932522654533386,0.5,9.999999747378752e-06
0.6933168351650238,0.4000000059604645,9.999999747378752e-06
0.6932894468307496,0.5,9.999999747378752e-06
0.6933315694332123,0.30000001192092896,9.999999747378752e-06
0.6933074116706848,0.4000000059604645,9.999999747378752e-06
0.6934397876262665,0.4000000059604645,9.999999747378752e-06
0.6932111084461212,0.4000000059604645,9.999999747378752e-06
0.6934154868125916,0.4000000059604645,9.999999747378752e-06
0.6931259512901307,0.5,9.999999747378752e-06
0.6931742548942565,0.5,9.999999747378752e-06
0.6932855784893036,0.4000000059604645,9.999999747378752e-06
0.693195927143097,0.5,9.999999747378752e-06
0.6933132469654083,0.30000001192092896,9.999999747378752e-06
0.6932764947414398,0.5,9.999999747378752e-06
0.6932013154029846,0.5,9.999999747378752e-06
0.6932581841945649,0.4000000059604645,9.999999747378752e-06
0.6932845115661621,0.30000001192092896,9.999999747378752e-06
0.6932889282703399,0.4000000059604645,9.999999747378752e-06
0.693106734752655,0.6000000238418579,9.999999747378752e-06
0.6932317078113556,0.4000000059604645,9.999999747378752e-06
0.6931282043457031,0.5,9.999999747378752e-06
0.6933955430984498,0.30000001192092896,9.999999747378752e-06
0.6930909514427185,0.5,9.999999747378752e-06
0.693519514799118,0.20000000298023224,9.999999747378752e-06
0.6933579623699189,0.30000001192092896,9.999999747378752e-06
0.6933784663677216,0.4000000059604645,9.999999747378752e-06
0.6932396292686462,0.4000000059604645,9.999999747378752e-06
0.6932636678218842,0.4000000059604645,9.999999747378752e-06
0.6933556795120239,0.4000000059604645,9.999999747378752e-06
0.6931217789649964,0.5,9.999999747378752e-06
0.693216758966446,0.5,9.999999747378752e-06
0.6933483600616455,0.30000001192092896,9.999999747378752e-06
0.69303058385849,0.5,9.999999747378752e-06
0.6932172358036042,0.5,9.999999747378752e-06
0.693386048078537,0.4000000059604645,9.999999747378752e-06
0.6932889580726623,0.5,9.999999747378752e-06
0.6932346880435943,0.4000000059604645,9.999999747378752e-06
0.6934778571128846,0.20000000298023224,9.999999747378752e-06
0.6933765292167664,0.4000000059604645,9.999999747378752e-06
0.6932788848876953,0.4000000059604645,9.999999747378752e-06
0.6934035539627075,0.4000000059604645,9.999999747378752e-06
0.6932268440723419,0.5,9.999999747378752e-06
0.6933065533638001,0.4000000059604645,9.999999747378752e-06
0.6931927621364593,0.4000000059604645,9.999999747378752e-06
0.6931841433048248,0.5,9.999999747378752e-06
0.69332035779953,0.30000001192092896,9.999999747378752e-06
0.6934115767478943,0.30000001192092896,9.999999747378752e-06
0.6931633412837982,0.4000000059604645,9.999999747378752e-06
0.6932974457740784,0.30000001192092896,9.999999747378752e-06
0.6933001041412353,0.30000001192092896,9.999999747378752e-06
0.6932820618152619,0.4000000059604645,9.999999747378752e-06
0.6932614505290985,0.5,9.999999747378752e-06
0.6933950006961822,0.30000001192092896,9.999999747378752e-06
0.6932914435863495,0.4000000059604645,9.999999747378752e-06
0.6932972133159637,0.30000001192092896,9.999999747378752e-06
0.693200558423996,0.30000001192092896,9.999999747378752e-06
0.6934132397174835,0.30000001192092896,9.999999747378752e-06
0.6932727098464966,0.4000000059604645,9.999999747378752e-06
0.6933822333812714,0.30000001192092896,9.999999747378752e-06
0.693334573507309,0.4000000059604645,9.999999747378752e-06
0.6932890236377716,0.4000000059604645,9.999999747378752e-06
0.693260234594345,0.4000000059604645,9.999999747378752e-06
0.6931691467761993,0.4000000059604645,9.999999747378752e-06
0.6933966934680938,0.30000001192092896,9.999999747378752e-06
0.6932513475418091,0.4000000059604645,9.999999747378752e-06
0.6932858943939209,0.4000000059604645,9.999999747378752e-06
0.6932294130325317,0.4000000059604645,9.999999747378752e-06
0.6932296693325043,0.30000001192092896,9.999999747378752e-06
0.6933091282844543,0.4000000059604645,9.999999747378752e-06
0.6932926297187805,0.4000000059604645,9.999999747378752e-06
0.6932427108287811,0.5,9.999999747378752e-06
0.6934567928314209,0.30000001192092896,9.999999747378752e-06
0.6933398246765137,0.4000000059604645,9.999999747378752e-06
0.6932223975658417,0.5,9.999999747378752e-06
0.6931759715080261,0.5,9.999999747378752e-06
0.6933905839920044,0.4000000059604645,9.999999747378752e-06
0.6931902050971985,0.5,9.999999747378752e-06
0.6932781219482422,0.4000000059604645,9.999999747378752e-06
0.6932946681976319,0.30000001192092896,9.999999747378752e-06
0.6933272421360016,0.4000000059604645,9.999999747378752e-06
0.6933180034160614,0.4000000059604645,9.999999747378752e-06
0.6933180868625641,0.4000000059604645,9.999999747378752e-06
0.6933581113815308,0.30000001192092896,9.999999747378752e-06
0.6933715164661407,0.30000001192092896,9.999999747378752e-06
0.6933079838752747,0.30000001192092896,9.999999747378752e-06
0.6932504773139954,0.4000000059604645,9.999999747378752e-06
0.6933692991733551,0.30000001192092896,9.999999747378752e-06
0.6934558153152466,0.30000001192092896,9.999999747378752e-06
0.6930765330791473,0.5,9.999999747378752e-06
0.6934020757675171,0.30000001192092896,9.999999747378752e-06
0.6931967854499816,0.5,9.999999747378752e-06
0.6934145987033844,0.4000000059604645,9.999999747378752e-06
0.693112713098526,0.6000000238418579,9.999999747378752e-06
0.693471086025238,0.20000000298023224,9.999999747378752e-06
0.6933429896831512,0.4000000059604645,9.999999747378752e-06
0.6933878183364868,0.30000001192092896,9.999999747378752e-06
0.6930700302124023,0.6000000238418579,9.999999747378752e-06
0.6932116746902466,0.4000000059604645,9.999999747378752e-06
0.6934664309024811,0.30000001192092896,9.999999747378752e-06
0.6934058248996735,0.4000000059604645,9.999999747378752e-06
0.6932983458042145,0.4000000059604645,9.999999747378752e-06
0.6934469819068909,0.4000000059604645,9.999999747378752e-06
0.6932133793830871,0.4000000059604645,9.999999747378752e-06
0.6932452619075775,0.4000000059604645,9.999999747378752e-06
0.693181186914444,0.5,9.999999747378752e-06
0.693086439371109,0.5,9.999999747378752e-06
0.6933756470680237,0.4000000059604645,9.999999747378752e-06
0.6931191921234131,0.5,9.999999747378752e-06
0.6932300150394439,0.5,9.999999747378752e-06
0.6932787120342254,0.4000000059604645,9.999999747378752e-06
0.69354208111763,0.20000000298023224,9.999999747378752e-06
0.6933094501495362,0.4000000059604645,9.999999747378752e-06
0.6934211075305938,0.30000001192092896,9.999999747378752e-06
0.6932508468627929,0.5,9.999999747378752e-06
0.6933681428432464,0.5,9.999999747378752e-06
0.693184757232666,0.30000001192092896,9.999999747378752e-06
0.6931840181350708,0.5,9.999999747378752e-06
0.6933863997459412,0.20000000298023224,9.999999747378752e-06
0.6934006929397583,0.30000001192092896,9.999999747378752e-06
0.6931796908378601,0.4000000059604645,9.999999747378752e-06
0.6932511448860168,0.5,9.999999747378752e-06
0.6932167112827301,0.5,9.999999747378752e-06
0.6930141985416413,0.6000000238418579,9.999999747378752e-06
0.6933445155620575,0.4000000059604645,9.999999747378752e-06
0.6931326925754547,0.5,9.999999747378752e-06
0.6932281017303467,0.5,9.999999747378752e-06
0.6932019054889679,0.4000000059604645,9.999999747378752e-06
0.6935449421405793,0.30000001192092896,9.999999747378752e-06
0.6933346211910247,0.30000001192092896,9.999999747378752e-06
0.6933645784854889,0.4000000059604645,9.999999747378752e-06
0.6933334112167359,0.30000001192092896,9.999999747378752e-06
0.6935118615627289,0.20000000298023224,9.999999747378752e-06
0.693318885564804,0.20000000298023224,9.999999747378752e-06
0.6934418976306915,0.4000000059604645,9.999999747378752e-06
0.6932453393936158,0.4000000059604645,9.999999747378752e-06
0.6932644248008728,0.4000000059604645,9.999999747378752e-06
0.6934804499149323,0.20000000298023224,9.999999747378752e-06
0.6933680534362793,0.30000001192092896,9.999999747378752e-06
0.6931644916534424,0.6000000238418579,9.999999747378752e-06
0.6931562960147858,0.30000001192092896,9.999999747378752e-06
0.6934186935424804,0.30000001192092896,9.999999747378752e-06
0.693195903301239,0.5,9.999999747378752e-06
0.6933075308799743,0.4000000059604645,9.999999747378752e-06
0.6931357204914093,0.6000000238418579,9.999999747378752e-06
0.6934620618820191,0.30000001192092896,9.999999747378752e-06
0.6931801974773407,0.4000000059604645,9.999999747378752e-06
0.6933115124702454,0.4000000059604645,9.999999747378752e-06
0.6932118952274322,0.4000000059604645,9.999999747378752e-06
0.6932160913944244,0.5,9.999999747378752e-06
0.6934949040412903,0.30000001192092896,9.999999747378752e-06
0.6931468427181244,0.5,9.999999747378752e-06
0.6933505713939667,0.4000000059604645,9.999999747378752e-06
0.6934886395931243,0.30000001192092896,9.999999747378752e-06
0.693419748544693,0.4000000059604645,9.999999747378752e-06
0.6931612372398377,0.4000000059604645,9.999999747378752e-06
0.6932387590408325,0.4000000059604645,9.999999747378752e-06
0.6934135735034943,0.20000000298023224,9.999999747378752e-06
0.6932202994823455,0.5,9.999999747378752e-06
0.6935766518115998,0.30000001192092896,9.999999747378752e-06
0.6931256651878357,0.6000000238418579,9.999999747378752e-06
0.6933486342430115,0.4000000059604645,9.999999747378752e-06
0.6933469414710999,0.4000000059604645,9.999999747378752e-06
0.6931675672531128,0.4000000059604645,9.999999747378752e-06
0.6932036340236664,0.4000000059604645,9.999999747378752e-06
0.6932614743709564,0.4000000059604645,9.999999747378752e-06
0.6932385206222534,0.30000001192092896,9.999999747378752e-06
0.6931696951389312,0.4000000059604645,9.999999747378752e-06
0.6932320475578309,0.5,9.999999747378752e-06
0.6932326018810272,0.4000000059604645,9.999999747378752e-06
0.6933411419391632,0.4000000059604645,9.999999747378752e-06
0.6934423446655273,0.30000001192092896,9.999999747378752e-06
0.6933679103851318,0.4000000059604645,9.999999747378752e-06
0.6931368768215179,0.4000000059604645,9.999999747378752e-06
0.6932922065258026,0.4000000059604645,9.999999747378752e-06
0.6931349039077759,0.6000000238418579,9.999999747378752e-06
0.693296092748642,0.30000001192092896,9.999999747378752e-06
0.6933021605014801,0.30000001192092896,9.999999747378752e-06
0.6931476473808289,0.6000000238418579,9.999999747378752e-06
0.6933096885681153,0.30000001192092896,9.999999747378752e-06
0.693479186296463,0.30000001192092896,9.999999747378752e-06
0.6932258367538452,0.4000000059604645,9.999999747378752e-06
0.6933145403862,0.4000000059604645,9.999999747378752e-06
0.6931764662265778,0.5,9.999999747378752e-06
0.6933064639568329,0.30000001192092896,9.999999747378752e-06
0.6930652737617493,0.5,9.999999747378752e-06
0.6933394730091095,0.4000000059604645,9.999999747378752e-06
0.6931823492050171,0.4000000059604645,9.999999747378752e-06
0.6932705461978912,0.4000000059604645,9.999999747378752e-06
0.6933735072612762,0.30000001192092896,9.999999747378752e-06
0.6933071553707123,0.4000000059604645,9.999999747378752e-06
0.6931382656097412,0.4000000059604645,9.999999747378752e-06
0.6932167768478393,0.5,9.999999747378752e-06
0.6934668779373169,0.10000000149011612,9.999999747378752e-06
0.6931772112846375,0.4000000059604645,9.999999747378752e-06
0.6932938456535339,0.4000000059604645,9.999999747378752e-06
0.693286907672882,0.4000000059604645,9.999999747378752e-06
0.6933390378952027,0.30000001192092896,9.999999747378752e-06
0.6932766318321228,0.4000000059604645,9.999999747378752e-06
0.6933995068073273,0.30000001192092896,9.999999747378752e-06
0.6932959675788879,0.30000001192092896,9.999999747378752e-06
0.6933495163917541,0.4000000059604645,9.999999747378752e-06
0.6932040870189666,0.5,9.999999747378752e-06
0.6933104038238526,0.4000000059604645,9.999999747378752e-06
0.6930509567260742,0.5,9.999999747378752e-06
0.6933170318603515,0.30000001192092896,9.999999747378752e-06
0.6933185338974,0.5,9.999999747378752e-06
0.693517529964447,0.30000001192092896,9.999999747378752e-06
0.693347555398941,0.4000000059604645,9.999999747378752e-06
0.6931505560874939,0.4000000059604645,9.999999747378752e-06
0.6931195735931397,0.6000000238418579,9.999999747378752e-06
0.6932624340057373,0.5,9.999999747378752e-06
0.69318328499794,0.5,9.999999747378752e-06
0.6931574463844299,0.5,9.999999747378752e-06
0.6933974921703339,0.30000001192092896,9.999999747378752e-06
0.6931826651096344,0.5,9.999999747378752e-06
0.6932457864284516,0.4000000059604645,9.999999747378752e-06
0.6933081805706024,0.30000001192092896,9.999999747378752e-06
0.693229877948761,0.4000000059604645,9.999999747378752e-06
0.6932728946208954,0.30000001192092896,9.999999747378752e-06
0.6932107031345367,0.4000000059604645,9.999999747378752e-06
0.6932973384857177,0.4000000059604645,9.999999747378752e-06
0.6932601392269134,0.4000000059604645,9.999999747378752e-06
0.6932738244533538,0.5,9.999999747378752e-06
0.6932090103626252,0.5,9.999999747378752e-06
0.6932326436042786,0.4000000059604645,9.999999747378752e-06
0.6934116303920745,0.30000001192092896,9.999999747378752e-06
0.6931379497051239,0.5,9.999999747378752e-06
0.6930985510349273,0.5,9.999999747378752e-06
0.6933715641498566,0.4000000059604645,9.999999747378752e-06
0.6933563888072968,0.20000000298023224,9.999999747378752e-06
0.6931755244731903,0.4000000059604645,9.999999747378752e-06
0.6933252155780792,0.4000000059604645,9.999999747378752e-06
0.6932655096054077,0.30000001192092896,9.999999747378752e-06
0.6931723117828369,0.4000000059604645,9.999999747378752e-06
0.693108344078064,0.6000000238418579,9.999999747378752e-06
0.6933501183986663,0.30000001192092896,9.999999747378752e-06
0.6935113608837128,0.30000001192092896,9.999999747378752e-06
0.6932939827442169,0.5,9.999999747378752e-06
0.6931238055229187,0.4000000059604645,9.999999747378752e-06
0.6933102369308471,0.30000001192092896,9.999999747378752e-06
0.6934078276157379,0.30000001192092896,9.999999747378752e-06
0.693256413936615,0.4000000059604645,9.999999747378752e-06
0.6933987557888031,0.30000001192092896,9.999999747378752e-06
0.6933222651481629,0.4000000059604645,9.999999747378752e-06
0.693288779258728,0.4000000059604645,9.999999747378752e-06
0.6934324145317078,0.5,9.999999747378752e-06
0.6930885732173919,0.4000000059604645,9.999999747378752e-06
0.6933966279029846,0.30000001192092896,9.999999747378752e-06
0.693321830034256,0.30000001192092896,9.999999747378752e-06
0.6933143258094787,0.4000000059604645,9.999999747378752e-06
0.6931459724903106,0.5,9.999999747378752e-06
0.6933107256889344,0.30000001192092896,9.999999747378752e-06
0.6932703673839569,0.4000000059604645,9.999999747378752e-06
0.6935189127922058,0.20000000298023224,9.999999747378752e-06
0.6934023320674896,0.4000000059604645,9.999999747378752e-06
0.6931243360042572,0.5,9.999999747378752e-06
0.6932539105415344,0.30000001192092896,9.999999747378752e-06
0.6932931363582611,0.4000000059604645,9.999999747378752e-06
0.6932596623897552,0.5,9.999999747378752e-06
0.6934412658214569,0.5,9.999999747378752e-06
0.6932032942771912,0.4000000059604645,9.999999747378752e-06
0.6934297800064086,0.20000000298023224,9.999999747378752e-06
0.6934159934520722,0.30000001192092896,9.999999747378752e-06
0.6931569635868072,0.5,9.999999747378752e-06
0.6933515191078186,0.30000001192092896,9.999999747378752e-06
0.6933185517787933,0.5,9.999999747378752e-06
0.6934584379196167,0.30000001192092896,9.999999747378752e-06
0.6933333218097687,0.4000000059604645,9.999999747378752e-06
0.6932406425476074,0.5,9.999999747378752e-06
0.6933776676654816,0.30000001192092896,9.999999747378752e-06
0.6933698654174805,0.4000000059604645,9.999999747378752e-06
0.6932567298412323,0.5,9.999999747378752e-06
0.6932907640933991,0.5,9.999999747378752e-06
0.6931594848632813,0.4000000059604645,9.999999747378752e-06
0.6933892905712128,0.30000001192092896,9.999999747378752e-06
0.6932275474071503,0.5,9.999999747378752e-06
0.6932303309440613,0.5,9.999999747378752e-06
0.6931839227676392,0.5,9.999999747378752e-06
0.6932878613471984,0.30000001192092896,9.999999747378752e-06
0.693261593580246,0.5,9.999999747378752e-06
0.6933341145515441,0.4000000059604645,9.999999747378752e-06
0.6931664824485779,0.6000000238418579,9.999999747378752e-06
0.6933336615562439,0.20000000298023224,9.999999747378752e-06
0.6934465646743775,0.4000000059604645,9.999999747378752e-06
0.6933042109012604,0.30000001192092896,9.999999747378752e-06
0.6933175146579742,0.4000000059604645,9.999999747378752e-06
0.6932785212993622,0.4000000059604645,9.999999747378752e-06
0.693257462978363,0.30000001192092896,9.999999747378752e-06
0.69319828748703,0.4000000059604645,9.999999747378752e-06
